1,KerrGarc
2,BranMyer
3,RobeWolf
4,GlenSand
5,RichLope
6,MichWall
7,DianBrow
8,DaniReyn
9,GeorBolt
10,JaimChen
11,JeffCamp
12,AmbeFrie
13,SivaMapo
14,RebeNewt
15,ConnWise
16,JacoSoto
17,AngeFrit
18,StepGilb
19,JoanMill
20,JamiDunn
21,WarrWats
22,NathAnde
23,PatrEdwa
24,PatrPark
25,AnneMitc
26,JoseColl
27,LeeSext
28,JeffFran
29,JustMill
30,PatrCook
31,MichLam
32,MichLee
33,DaviBear
34,AnthGuti
35,KeviJohn
36,JaneKell
37,SamuStew
38,CindGrah
39,EricLope
40,ZachKell
41,BobbKlei
42,BritWell
43,AmanPhil
44,JohnVega
45,JameWade
46,KateFull
47,JasoJame
48,ReneLamb
49,BonnBray
50,StepFost
51,DonaShor
52,FranRile
53,PerrHuds
54,HelePage
55,EmmaGrif
56,DaviKell
57,PatrJone
58,BriaAnde
59,MarcOwen
60,JessEspi
61,HeatCars
62,SusaHarv
63,ShelBass
64,TonyClar
65,KeviPerk
66,BranRich
67,JennWrig
68,TinaBarn
69,ChriSand
70,DeboMann
71,BenjWell
72,VeroSmit
73,AmanDavi
74,ChriThom
75,JonaChav
76,DonnJenn
77,EricJohn
78,AnneWest
79,CollMoor
80,ChriHern
81,EmmaTate
82,WillTorr
83,DonaMorr
84,CoreFull
85,KimbBara
86,ChriGome
87,NancGarc
88,DianWalk
89,KellLong
90,AdamAgui
91,ZachElli
92,AndrGray
93,ChelHayn
94,JessBail
95,AnthChan
96,CoryReed
97,JosePric
98,AaroReyn
99,AmyBarn
100,ShelWill
